round,strategy_a,strategy_b,action_a,action_b,payoff_a,payoff_b,cum_a,cum_b,repeat
1,AC,AD,C,D,0,5,0,5,1
2,AC,AD,C,D,0,5,0,10,1
3,AC,AD,C,D,0,5,0,15,1
4,AC,AD,C,D,0,5,0,20,1
5,AC,AD,C,D,0,5,0,25,1
6,AC,AD,C,D,0,5,0,30,1
7,AC,AD,C,D,0,5,0,35,1
8,AC,AD,C,D,0,5,0,40,1
9,AC,AD,C,D,0,5,0,45,1
10,AC,AD,C,D,0,5,0,50,1
11,AC,AD,C,D,0,5,0,55,1
12,AC,AD,C,D,0,5,0,60,1
13,AC,AD,C,D,0,5,0,65,1
14,AC,AD,C,D,0,5,0,70,1
15,AC,AD,C,D,0,5,0,75,1
16,AC,AD,C,D,0,5,0,80,1
17,AC,AD,C,D,0,5,0,85,1
18,AC,AD,C,D,0,5,0,90,1
19,AC,AD,C,D,0,5,0,95,1
20,AC,AD,C,D,0,5,0,100,1
21,AC,AD,C,D,0,5,0,105,1
22,AC,AD,C,D,0,5,0,110,1
23,AC,AD,C,D,0,5,0,115,1
24,AC,AD,C,D,0,5,0,120,1
25,AC,AD,C,D,0,5,0,125,1
26,AC,AD,C,D,0,5,0,130,1
27,AC,AD,C,D,0,5,0,135,1
28,AC,AD,C,D,0,5,0,140,1
29,AC,AD,C,D,0,5,0,145,1
30,AC,AD,C,D,0,5,0,150,1
31,AC,AD,C,D,0,5,0,155,1
32,AC,AD,C,D,0,5,0,160,1
33,AC,AD,C,D,0,5,0,165,1
34,AC,AD,C,D,0,5,0,170,1
35,AC,AD,C,D,0,5,0,175,1
36,AC,AD,C,D,0,5,0,180,1
37,AC,AD,C,D,0,5,0,185,1
38,AC,AD,C,D,0,5,0,190,1
39,AC,AD,C,D,0,5,0,195,1
40,AC,AD,C,D,0,5,0,200,1
41,AC,AD,C,D,0,5,0,205,1
42,AC,AD,C,D,0,5,0,210,1
43,AC,AD,C,D,0,5,0,215,1
44,AC,AD,C,D,0,5,0,220,1
45,AC,AD,C,D,0,5,0,225,1
46,AC,AD,C,D,0,5,0,230,1
47,AC,AD,C,D,0,5,0,235,1
48,AC,AD,C,D,0,5,0,240,1
49,AC,AD,C,D,0,5,0,245,1
50,AC,AD,C,D,0,5,0,250,1
51,AC,AD,C,D,0,5,0,255,1
52,AC,AD,C,D,0,5,0,260,1
53,AC,AD,C,D,0,5,0,265,1
54,AC,AD,C,D,0,5,0,270,1
55,AC,AD,C,D,0,5,0,275,1
56,AC,AD,C,D,0,5,0,280,1
57,AC,AD,C,D,0,5,0,285,1
58,AC,AD,C,D,0,5,0,290,1
59,AC,AD,C,D,0,5,0,295,1
60,AC,AD,C,D,0,5,0,300,1
61,AC,AD,C,D,0,5,0,305,1
62,AC,AD,C,D,0,5,0,310,1
63,AC,AD,C,D,0,5,0,315,1
64,AC,AD,C,D,0,5,0,320,1
65,AC,AD,C,D,0,5,0,325,1
66,AC,AD,C,D,0,5,0,330,1
67,AC,AD,C,D,0,5,0,335,1
68,AC,AD,C,D,0,5,0,340,1
69,AC,AD,C,D,0,5,0,345,1
70,AC,AD,C,D,0,5,0,350,1
71,AC,AD,C,D,0,5,0,355,1
72,AC,AD,C,D,0,5,0,360,1
73,AC,AD,C,D,0,5,0,365,1
74,AC,AD,C,D,0,5,0,370,1
75,AC,AD,C,D,0,5,0,375,1
76,AC,AD,C,D,0,5,0,380,1
77,AC,AD,C,D,0,5,0,385,1
78,AC,AD,C,D,0,5,0,390,1
79,AC,AD,C,D,0,5,0,395,1
80,AC,AD,C,D,0,5,0,400,1
81,AC,AD,C,D,0,5,0,405,1
82,AC,AD,C,D,0,5,0,410,1
83,AC,AD,C,D,0,5,0,415,1
84,AC,AD,C,D,0,5,0,420,1
85,AC,AD,C,D,0,5,0,425,1
86,AC,AD,C,D,0,5,0,430,1
87,AC,AD,C,D,0,5,0,435,1
88,AC,AD,C,D,0,5,0,440,1
89,AC,AD,C,D,0,5,0,445,1
90,AC,AD,C,D,0,5,0,450,1
91,AC,AD,C,D,0,5,0,455,1
92,AC,AD,C,D,0,5,0,460,1
93,AC,AD,C,D,0,5,0,465,1
94,AC,AD,C,D,0,5,0,470,1
95,AC,AD,C,D,0,5,0,475,1
96,AC,AD,C,D,0,5,0,480,1
97,AC,AD,C,D,0,5,0,485,1
98,AC,AD,C,D,0,5,0,490,1
99,AC,AD,C,D,0,5,0,495,1
100,AC,AD,C,D,0,5,0,500,1
1,AC,TFT,C,C,3,3,3,3,1
2,AC,TFT,C,C,3,3,6,6,1
3,AC,TFT,C,C,3,3,9,9,1
4,AC,TFT,C,C,3,3,12,12,1
5,AC,TFT,C,C,3,3,15,15,1
6,AC,TFT,C,C,3,3,18,18,1
7,AC,TFT,C,C,3,3,21,21,1
8,AC,TFT,C,C,3,3,24,24,1
9,AC,TFT,C,C,3,3,27,27,1
10,AC,TFT,C,C,3,3,30,30,1
11,AC,TFT,C,C,3,3,33,33,1
12,AC,TFT,C,C,3,3,36,36,1
13,AC,TFT,C,C,3,3,39,39,1
14,AC,TFT,C,C,3,3,42,42,1
15,AC,TFT,C,C,3,3,45,45,1
16,AC,TFT,C,C,3,3,48,48,1
17,AC,TFT,C,C,3,3,51,51,1
18,AC,TFT,C,C,3,3,54,54,1
19,AC,TFT,C,C,3,3,57,57,1
20,AC,TFT,C,C,3,3,60,60,1
21,AC,TFT,C,C,3,3,63,63,1
22,AC,TFT,C,C,3,3,66,66,1
23,AC,TFT,C,C,3,3,69,69,1
24,AC,TFT,C,C,3,3,72,72,1
25,AC,TFT,C,C,3,3,75,75,1
26,AC,TFT,C,C,3,3,78,78,1
27,AC,TFT,C,C,3,3,81,81,1
28,AC,TFT,C,C,3,3,84,84,1
29,AC,TFT,C,C,3,3,87,87,1
30,AC,TFT,C,C,3,3,90,90,1
31,AC,TFT,C,C,3,3,93,93,1
32,AC,TFT,C,C,3,3,96,96,1
33,AC,TFT,C,C,3,3,99,99,1
34,AC,TFT,C,C,3,3,102,102,1
35,AC,TFT,C,C,3,3,105,105,1
36,AC,TFT,C,C,3,3,108,108,1
37,AC,TFT,C,C,3,3,111,111,1
38,AC,TFT,C,C,3,3,114,114,1
39,AC,TFT,C,C,3,3,117,117,1
40,AC,TFT,C,C,3,3,120,120,1
41,AC,TFT,C,C,3,3,123,123,1
42,AC,TFT,C,C,3,3,126,126,1
43,AC,TFT,C,C,3,3,129,129,1
44,AC,TFT,C,C,3,3,132,132,1
45,AC,TFT,C,C,3,3,135,135,1
46,AC,TFT,C,C,3,3,138,138,1
47,AC,TFT,C,C,3,3,141,141,1
48,AC,TFT,C,C,3,3,144,144,1
49,AC,TFT,C,C,3,3,147,147,1
50,AC,TFT,C,C,3,3,150,150,1
51,AC,TFT,C,C,3,3,153,153,1
52,AC,TFT,C,C,3,3,156,156,1
53,AC,TFT,C,C,3,3,159,159,1
54,AC,TFT,C,C,3,3,162,162,1
55,AC,TFT,C,C,3,3,165,165,1
56,AC,TFT,C,C,3,3,168,168,1
57,AC,TFT,C,C,3,3,171,171,1
58,AC,TFT,C,C,3,3,174,174,1
59,AC,TFT,C,C,3,3,177,177,1
60,AC,TFT,C,C,3,3,180,180,1
61,AC,TFT,C,C,3,3,183,183,1
62,AC,TFT,C,C,3,3,186,186,1
63,AC,TFT,C,C,3,3,189,189,1
64,AC,TFT,C,C,3,3,192,192,1
65,AC,TFT,C,C,3,3,195,195,1
66,AC,TFT,C,C,3,3,198,198,1
67,AC,TFT,C,C,3,3,201,201,1
68,AC,TFT,C,C,3,3,204,204,1
69,AC,TFT,C,C,3,3,207,207,1
70,AC,TFT,C,C,3,3,210,210,1
71,AC,TFT,C,C,3,3,213,213,1
72,AC,TFT,C,C,3,3,216,216,1
73,AC,TFT,C,C,3,3,219,219,1
74,AC,TFT,C,C,3,3,222,222,1
75,AC,TFT,C,C,3,3,225,225,1
76,AC,TFT,C,C,3,3,228,228,1
77,AC,TFT,C,C,3,3,231,231,1
78,AC,TFT,C,C,3,3,234,234,1
79,AC,TFT,C,C,3,3,237,237,1
80,AC,TFT,C,C,3,3,240,240,1
81,AC,TFT,C,C,3,3,243,243,1
82,AC,TFT,C,C,3,3,246,246,1
83,AC,TFT,C,C,3,3,249,249,1
84,AC,TFT,C,C,3,3,252,252,1
85,AC,TFT,C,C,3,3,255,255,1
86,AC,TFT,C,C,3,3,258,258,1
87,AC,TFT,C,C,3,3,261,261,1
88,AC,TFT,C,C,3,3,264,264,1
89,AC,TFT,C,C,3,3,267,267,1
90,AC,TFT,C,C,3,3,270,270,1
91,AC,TFT,C,C,3,3,273,273,1
92,AC,TFT,C,C,3,3,276,276,1
93,AC,TFT,C,C,3,3,279,279,1
94,AC,TFT,C,C,3,3,282,282,1
95,AC,TFT,C,C,3,3,285,285,1
96,AC,TFT,C,C,3,3,288,288,1
97,AC,TFT,C,C,3,3,291,291,1
98,AC,TFT,C,C,3,3,294,294,1
99,AC,TFT,C,C,3,3,297,297,1
100,AC,TFT,C,C,3,3,300,300,1
1,AC,GT,C,C,3,3,3,3,1
2,AC,GT,C,C,3,3,6,6,1
3,AC,GT,C,C,3,3,9,9,1
4,AC,GT,C,C,3,3,12,12,1
5,AC,GT,C,C,3,3,15,15,1
6,AC,GT,C,C,3,3,18,18,1
7,AC,GT,C,C,3,3,21,21,1
8,AC,GT,C,C,3,3,24,24,1
9,AC,GT,C,C,3,3,27,27,1
10,AC,GT,C,C,3,3,30,30,1
11,AC,GT,C,C,3,3,33,33,1
12,AC,GT,C,C,3,3,36,36,1
13,AC,GT,C,C,3,3,39,39,1
14,AC,GT,C,C,3,3,42,42,1
15,AC,GT,C,C,3,3,45,45,1
16,AC,GT,C,C,3,3,48,48,1
17,AC,GT,C,C,3,3,51,51,1
18,AC,GT,C,C,3,3,54,54,1
19,AC,GT,C,C,3,3,57,57,1
20,AC,GT,C,C,3,3,60,60,1
21,AC,GT,C,C,3,3,63,63,1
22,AC,GT,C,C,3,3,66,66,1
23,AC,GT,C,C,3,3,69,69,1
24,AC,GT,C,C,3,3,72,72,1
25,AC,GT,C,C,3,3,75,75,1
26,AC,GT,C,C,3,3,78,78,1
27,AC,GT,C,C,3,3,81,81,1
28,AC,GT,C,C,3,3,84,84,1
29,AC,GT,C,C,3,3,87,87,1
30,AC,GT,C,C,3,3,90,90,1
31,AC,GT,C,C,3,3,93,93,1
32,AC,GT,C,C,3,3,96,96,1
33,AC,GT,C,C,3,3,99,99,1
34,AC,GT,C,C,3,3,102,102,1
35,AC,GT,C,C,3,3,105,105,1
36,AC,GT,C,C,3,3,108,108,1
37,AC,GT,C,C,3,3,111,111,1
38,AC,GT,C,C,3,3,114,114,1
39,AC,GT,C,C,3,3,117,117,1
40,AC,GT,C,C,3,3,120,120,1
41,AC,GT,C,C,3,3,123,123,1
42,AC,GT,C,C,3,3,126,126,1
43,AC,GT,C,C,3,3,129,129,1
44,AC,GT,C,C,3,3,132,132,1
45,AC,GT,C,C,3,3,135,135,1
46,AC,GT,C,C,3,3,138,138,1
47,AC,GT,C,C,3,3,141,141,1
48,AC,GT,C,C,3,3,144,144,1
49,AC,GT,C,C,3,3,147,147,1
50,AC,GT,C,C,3,3,150,150,1
51,AC,GT,C,C,3,3,153,153,1
52,AC,GT,C,C,3,3,156,156,1
53,AC,GT,C,C,3,3,159,159,1
54,AC,GT,C,C,3,3,162,162,1
55,AC,GT,C,C,3,3,165,165,1
56,AC,GT,C,C,3,3,168,168,1
57,AC,GT,C,C,3,3,171,171,1
58,AC,GT,C,C,3,3,174,174,1
59,AC,GT,C,C,3,3,177,177,1
60,AC,GT,C,C,3,3,180,180,1
61,AC,GT,C,C,3,3,183,183,1
62,AC,GT,C,C,3,3,186,186,1
63,AC,GT,C,C,3,3,189,189,1
64,AC,GT,C,C,3,3,192,192,1
65,AC,GT,C,C,3,3,195,195,1
66,AC,GT,C,C,3,3,198,198,1
67,AC,GT,C,C,3,3,201,201,1
68,AC,GT,C,C,3,3,204,204,1
69,AC,GT,C,C,3,3,207,207,1
70,AC,GT,C,C,3,3,210,210,1
71,AC,GT,C,C,3,3,213,213,1
72,AC,GT,C,C,3,3,216,216,1
73,AC,GT,C,C,3,3,219,219,1
74,AC,GT,C,C,3,3,222,222,1
75,AC,GT,C,C,3,3,225,225,1
76,AC,GT,C,C,3,3,228,228,1
77,AC,GT,C,C,3,3,231,231,1
78,AC,GT,C,C,3,3,234,234,1
79,AC,GT,C,C,3,3,237,237,1
80,AC,GT,C,C,3,3,240,240,1
81,AC,GT,C,C,3,3,243,243,1
82,AC,GT,C,C,3,3,246,246,1
83,AC,GT,C,C,3,3,249,249,1
84,AC,GT,C,C,3,3,252,252,1
85,AC,GT,C,C,3,3,255,255,1
86,AC,GT,C,C,3,3,258,258,1
87,AC,GT,C,C,3,3,261,261,1
88,AC,GT,C,C,3,3,264,264,1
89,AC,GT,C,C,3,3,267,267,1
90,AC,GT,C,C,3,3,270,270,1
91,AC,GT,C,C,3,3,273,273,1
92,AC,GT,C,C,3,3,276,276,1
93,AC,GT,C,C,3,3,279,279,1
94,AC,GT,C,C,3,3,282,282,1
95,AC,GT,C,C,3,3,285,285,1
96,AC,GT,C,C,3,3,288,288,1
97,AC,GT,C,C,3,3,291,291,1
98,AC,GT,C,C,3,3,294,294,1
99,AC,GT,C,C,3,3,297,297,1
100,AC,GT,C,C,3,3,300,300,1
1,AC,TF2T,C,C,3,3,3,3,1
2,AC,TF2T,C,C,3,3,6,6,1
3,AC,TF2T,C,C,3,3,9,9,1
4,AC,TF2T,C,C,3,3,12,12,1
5,AC,TF2T,C,C,3,3,15,15,1
6,AC,TF2T,C,C,3,3,18,18,1
7,AC,TF2T,C,C,3,3,21,21,1
8,AC,TF2T,C,C,3,3,24,24,1
9,AC,TF2T,C,C,3,3,27,27,1
10,AC,TF2T,C,C,3,3,30,30,1
11,AC,TF2T,C,C,3,3,33,33,1
12,AC,TF2T,C,C,3,3,36,36,1
13,AC,TF2T,C,C,3,3,39,39,1
14,AC,TF2T,C,C,3,3,42,42,1
15,AC,TF2T,C,C,3,3,45,45,1
16,AC,TF2T,C,C,3,3,48,48,1
17,AC,TF2T,C,C,3,3,51,51,1
18,AC,TF2T,C,C,3,3,54,54,1
19,AC,TF2T,C,C,3,3,57,57,1
20,AC,TF2T,C,C,3,3,60,60,1
21,AC,TF2T,C,C,3,3,63,63,1
22,AC,TF2T,C,C,3,3,66,66,1
23,AC,TF2T,C,C,3,3,69,69,1
24,AC,TF2T,C,C,3,3,72,72,1
25,AC,TF2T,C,C,3,3,75,75,1
26,AC,TF2T,C,C,3,3,78,78,1
27,AC,TF2T,C,C,3,3,81,81,1
28,AC,TF2T,C,C,3,3,84,84,1
29,AC,TF2T,C,C,3,3,87,87,1
30,AC,TF2T,C,C,3,3,90,90,1
31,AC,TF2T,C,C,3,3,93,93,1
32,AC,TF2T,C,C,3,3,96,96,1
33,AC,TF2T,C,C,3,3,99,99,1
34,AC,TF2T,C,C,3,3,102,102,1
35,AC,TF2T,C,C,3,3,105,105,1
36,AC,TF2T,C,C,3,3,108,108,1
37,AC,TF2T,C,C,3,3,111,111,1
38,AC,TF2T,C,C,3,3,114,114,1
39,AC,TF2T,C,C,3,3,117,117,1
40,AC,TF2T,C,C,3,3,120,120,1
41,AC,TF2T,C,C,3,3,123,123,1
42,AC,TF2T,C,C,3,3,126,126,1
43,AC,TF2T,C,C,3,3,129,129,1
44,AC,TF2T,C,C,3,3,132,132,1
45,AC,TF2T,C,C,3,3,135,135,1
46,AC,TF2T,C,C,3,3,138,138,1
47,AC,TF2T,C,C,3,3,141,141,1
48,AC,TF2T,C,C,3,3,144,144,1
49,AC,TF2T,C,C,3,3,147,147,1
50,AC,TF2T,C,C,3,3,150,150,1
51,AC,TF2T,C,C,3,3,153,153,1
52,AC,TF2T,C,C,3,3,156,156,1
53,AC,TF2T,C,C,3,3,159,159,1
54,AC,TF2T,C,C,3,3,162,162,1
55,AC,TF2T,C,C,3,3,165,165,1
56,AC,TF2T,C,C,3,3,168,168,1
57,AC,TF2T,C,C,3,3,171,171,1
58,AC,TF2T,C,C,3,3,174,174,1
59,AC,TF2T,C,C,3,3,177,177,1
60,AC,TF2T,C,C,3,3,180,180,1
61,AC,TF2T,C,C,3,3,183,183,1
62,AC,TF2T,C,C,3,3,186,186,1
63,AC,TF2T,C,C,3,3,189,189,1
64,AC,TF2T,C,C,3,3,192,192,1
65,AC,TF2T,C,C,3,3,195,195,1
66,AC,TF2T,C,C,3,3,198,198,1
67,AC,TF2T,C,C,3,3,201,201,1
68,AC,TF2T,C,C,3,3,204,204,1
69,AC,TF2T,C,C,3,3,207,207,1
70,AC,TF2T,C,C,3,3,210,210,1
71,AC,TF2T,C,C,3,3,213,213,1
72,AC,TF2T,C,C,3,3,216,216,1
73,AC,TF2T,C,C,3,3,219,219,1
74,AC,TF2T,C,C,3,3,222,222,1
75,AC,TF2T,C,C,3,3,225,225,1
76,AC,TF2T,C,C,3,3,228,228,1
77,AC,TF2T,C,C,3,3,231,231,1
78,AC,TF2T,C,C,3,3,234,234,1
79,AC,TF2T,C,C,3,3,237,237,1
80,AC,TF2T,C,C,3,3,240,240,1
81,AC,TF2T,C,C,3,3,243,243,1
82,AC,TF2T,C,C,3,3,246,246,1
83,AC,TF2T,C,C,3,3,249,249,1
84,AC,TF2T,C,C,3,3,252,252,1
85,AC,TF2T,C,C,3,3,255,255,1
86,AC,TF2T,C,C,3,3,258,258,1
87,AC,TF2T,C,C,3,3,261,261,1
88,AC,TF2T,C,C,3,3,264,264,1
89,AC,TF2T,C,C,3,3,267,267,1
90,AC,TF2T,C,C,3,3,270,270,1
91,AC,TF2T,C,C,3,3,273,273,1
92,AC,TF2T,C,C,3,3,276,276,1
93,AC,TF2T,C,C,3,3,279,279,1
94,AC,TF2T,C,C,3,3,282,282,1
95,AC,TF2T,C,C,3,3,285,285,1
96,AC,TF2T,C,C,3,3,288,288,1
97,AC,TF2T,C,C,3,3,291,291,1
98,AC,TF2T,C,C,3,3,294,294,1
99,AC,TF2T,C,C,3,3,297,297,1
100,AC,TF2T,C,C,3,3,300,300,1
1,AC,RAND,C,D,0,5,0,5,1
2,AC,RAND,C,C,3,3,3,8,1
3,AC,RAND,C,C,3,3,6,11,1
4,AC,RAND,C,C,3,3,9,14,1
5,AC,RAND,C,D,0,5,9,19,1
6,AC,RAND,C,D,0,5,9,24,1
7,AC,RAND,C,D,0,5,9,29,1
8,AC,RAND,C,C,3,3,12,32,1
9,AC,RAND,C,C,3,3,15,35,1
10,AC,RAND,C,C,3,3,18,38,1
11,AC,RAND,C,C,3,3,21,41,1
12,AC,RAND,C,D,0,5,21,46,1
13,AC,RAND,C,C,3,3,24,49,1
14,AC,RAND,C,C,3,3,27,52,1
15,AC,RAND,C,D,0,5,27,57,1
16,AC,RAND,C,D,0,5,27,62,1
17,AC,RAND,C,C,3,3,30,65,1
18,AC,RAND,C,D,0,5,30,70,1
19,AC,RAND,C,D,0,5,30,75,1
20,AC,RAND,C,C,3,3,33,78,1
21,AC,RAND,C,D,0,5,33,83,1
22,AC,RAND,C,D,0,5,33,88,1
23,AC,RAND,C,C,3,3,36,91,1
24,AC,RAND,C,C,3,3,39,94,1
25,AC,RAND,C,D,0,5,39,99,1
26,AC,RAND,C,C,3,3,42,102,1
27,AC,RAND,C,C,3,3,45,105,1
28,AC,RAND,C,C,3,3,48,108,1
29,AC,RAND,C,D,0,5,48,113,1
30,AC,RAND,C,D,0,5,48,118,1
31,AC,RAND,C,D,0,5,48,123,1
32,AC,RAND,C,D,0,5,48,128,1
33,AC,RAND,C,D,0,5,48,133,1
34,AC,RAND,C,D,0,5,48,138,1
35,AC,RAND,C,C,3,3,51,141,1
36,AC,RAND,C,D,0,5,51,146,1
37,AC,RAND,C,D,0,5,51,151,1
38,AC,RAND,C,D,0,5,51,156,1
39,AC,RAND,C,D,0,5,51,161,1
40,AC,RAND,C,D,0,5,51,166,1
41,AC,RAND,C,D,0,5,51,171,1
42,AC,RAND,C,C,3,3,54,174,1
43,AC,RAND,C,C,3,3,57,177,1
44,AC,RAND,C,C,3,3,60,180,1
45,AC,RAND,C,C,3,3,63,183,1
46,AC,RAND,C,C,3,3,66,186,1
47,AC,RAND,C,C,3,3,69,189,1
48,AC,RAND,C,C,3,3,72,192,1
49,AC,RAND,C,D,0,5,72,197,1
50,AC,RAND,C,C,3,3,75,200,1
51,AC,RAND,C,C,3,3,78,203,1
52,AC,RAND,C,C,3,3,81,206,1
53,AC,RAND,C,C,3,3,84,209,1
54,AC,RAND,C,D,0,5,84,214,1
55,AC,RAND,C,D,0,5,84,219,1
56,AC,RAND,C,D,0,5,84,224,1
57,AC,RAND,C,C,3,3,87,227,1
58,AC,RAND,C,D,0,5,87,232,1
59,AC,RAND,C,C,3,3,90,235,1
60,AC,RAND,C,C,3,3,93,238,1
61,AC,RAND,C,D,0,5,93,243,1
62,AC,RAND,C,D,0,5,93,248,1
63,AC,RAND,C,D,0,5,93,253,1
64,AC,RAND,C,D,0,5,93,258,1
65,AC,RAND,C,D,0,5,93,263,1
66,AC,RAND,C,D,0,5,93,268,1
67,AC,RAND,C,C,3,3,96,271,1
68,AC,RAND,C,C,3,3,99,274,1
69,AC,RAND,C,C,3,3,102,277,1
70,AC,RAND,C,C,3,3,105,280,1
71,AC,RAND,C,C,3,3,108,283,1
72,AC,RAND,C,D,0,5,108,288,1
73,AC,RAND,C,D,0,5,108,293,1
74,AC,RAND,C,C,3,3,111,296,1
75,AC,RAND,C,D,0,5,111,301,1
76,AC,RAND,C,C,3,3,114,304,1
77,AC,RAND,C,D,0,5,114,309,1
78,AC,RAND,C,C,3,3,117,312,1
79,AC,RAND,C,C,3,3,120,315,1
80,AC,RAND,C,C,3,3,123,318,1
81,AC,RAND,C,D,0,5,123,323,1
82,AC,RAND,C,C,3,3,126,326,1
83,AC,RAND,C,D,0,5,126,331,1
84,AC,RAND,C,D,0,5,126,336,1
85,AC,RAND,C,C,3,3,129,339,1
86,AC,RAND,C,C,3,3,132,342,1
87,AC,RAND,C,D,0,5,132,347,1
88,AC,RAND,C,D,0,5,132,352,1
89,AC,RAND,C,C,3,3,135,355,1
90,AC,RAND,C,C,3,3,138,358,1
91,AC,RAND,C,C,3,3,141,361,1
92,AC,RAND,C,D,0,5,141,366,1
93,AC,RAND,C,D,0,5,141,371,1
94,AC,RAND,C,C,3,3,144,374,1
95,AC,RAND,C,C,3,3,147,377,1
96,AC,RAND,C,C,3,3,150,380,1
97,AC,RAND,C,D,0,5,150,385,1
98,AC,RAND,C,D,0,5,150,390,1
99,AC,RAND,C,D,0,5,150,395,1
100,AC,RAND,C,D,0,5,150,400,1
1,AD,TFT,D,C,5,0,5,0,1
2,AD,TFT,D,D,1,1,6,1,1
3,AD,TFT,D,D,1,1,7,2,1
4,AD,TFT,D,D,1,1,8,3,1
5,AD,TFT,D,D,1,1,9,4,1
6,AD,TFT,D,D,1,1,10,5,1
7,AD,TFT,D,D,1,1,11,6,1
8,AD,TFT,D,D,1,1,12,7,1
9,AD,TFT,D,D,1,1,13,8,1
10,AD,TFT,D,D,1,1,14,9,1
11,AD,TFT,D,D,1,1,15,10,1
12,AD,TFT,D,D,1,1,16,11,1
13,AD,TFT,D,D,1,1,17,12,1
14,AD,TFT,D,D,1,1,18,13,1
15,AD,TFT,D,D,1,1,19,14,1
16,AD,TFT,D,D,1,1,20,15,1
17,AD,TFT,D,D,1,1,21,16,1
18,AD,TFT,D,D,1,1,22,17,1
19,AD,TFT,D,D,1,1,23,18,1
20,AD,TFT,D,D,1,1,24,19,1
21,AD,TFT,D,D,1,1,25,20,1
22,AD,TFT,D,D,1,1,26,21,1
23,AD,TFT,D,D,1,1,27,22,1
24,AD,TFT,D,D,1,1,28,23,1
25,AD,TFT,D,D,1,1,29,24,1
26,AD,TFT,D,D,1,1,30,25,1
27,AD,TFT,D,D,1,1,31,26,1
28,AD,TFT,D,D,1,1,32,27,1
29,AD,TFT,D,D,1,1,33,28,1
30,AD,TFT,D,D,1,1,34,29,1
31,AD,TFT,D,D,1,1,35,30,1
32,AD,TFT,D,D,1,1,36,31,1
33,AD,TFT,D,D,1,1,37,32,1
34,AD,TFT,D,D,1,1,38,33,1
35,AD,TFT,D,D,1,1,39,34,1
36,AD,TFT,D,D,1,1,40,35,1
37,AD,TFT,D,D,1,1,41,36,1
38,AD,TFT,D,D,1,1,42,37,1
39,AD,TFT,D,D,1,1,43,38,1
40,AD,TFT,D,D,1,1,44,39,1
41,AD,TFT,D,D,1,1,45,40,1
42,AD,TFT,D,D,1,1,46,41,1
43,AD,TFT,D,D,1,1,47,42,1
44,AD,TFT,D,D,1,1,48,43,1
45,AD,TFT,D,D,1,1,49,44,1
46,AD,TFT,D,D,1,1,50,45,1
47,AD,TFT,D,D,1,1,51,46,1
48,AD,TFT,D,D,1,1,52,47,1
49,AD,TFT,D,D,1,1,53,48,1
50,AD,TFT,D,D,1,1,54,49,1
51,AD,TFT,D,D,1,1,55,50,1
52,AD,TFT,D,D,1,1,56,51,1
53,AD,TFT,D,D,1,1,57,52,1
54,AD,TFT,D,D,1,1,58,53,1
55,AD,TFT,D,D,1,1,59,54,1
56,AD,TFT,D,D,1,1,60,55,1
57,AD,TFT,D,D,1,1,61,56,1
58,AD,TFT,D,D,1,1,62,57,1
59,AD,TFT,D,D,1,1,63,58,1
60,AD,TFT,D,D,1,1,64,59,1
61,AD,TFT,D,D,1,1,65,60,1
62,AD,TFT,D,D,1,1,66,61,1
63,AD,TFT,D,D,1,1,67,62,1
64,AD,TFT,D,D,1,1,68,63,1
65,AD,TFT,D,D,1,1,69,64,1
66,AD,TFT,D,D,1,1,70,65,1
67,AD,TFT,D,D,1,1,71,66,1
68,AD,TFT,D,D,1,1,72,67,1
69,AD,TFT,D,D,1,1,73,68,1
70,AD,TFT,D,D,1,1,74,69,1
71,AD,TFT,D,D,1,1,75,70,1
72,AD,TFT,D,D,1,1,76,71,1
73,AD,TFT,D,D,1,1,77,72,1
74,AD,TFT,D,D,1,1,78,73,1
75,AD,TFT,D,D,1,1,79,74,1
76,AD,TFT,D,D,1,1,80,75,1
77,AD,TFT,D,D,1,1,81,76,1
78,AD,TFT,D,D,1,1,82,77,1
79,AD,TFT,D,D,1,1,83,78,1
80,AD,TFT,D,D,1,1,84,79,1
81,AD,TFT,D,D,1,1,85,80,1
82,AD,TFT,D,D,1,1,86,81,1
83,AD,TFT,D,D,1,1,87,82,1
84,AD,TFT,D,D,1,1,88,83,1
85,AD,TFT,D,D,1,1,89,84,1
86,AD,TFT,D,D,1,1,90,85,1
87,AD,TFT,D,D,1,1,91,86,1
88,AD,TFT,D,D,1,1,92,87,1
89,AD,TFT,D,D,1,1,93,88,1
90,AD,TFT,D,D,1,1,94,89,1
91,AD,TFT,D,D,1,1,95,90,1
92,AD,TFT,D,D,1,1,96,91,1
93,AD,TFT,D,D,1,1,97,92,1
94,AD,TFT,D,D,1,1,98,93,1
95,AD,TFT,D,D,1,1,99,94,1
96,AD,TFT,D,D,1,1,100,95,1
97,AD,TFT,D,D,1,1,101,96,1
98,AD,TFT,D,D,1,1,102,97,1
99,AD,TFT,D,D,1,1,103,98,1
100,AD,TFT,D,D,1,1,104,99,1
1,AD,GT,D,C,5,0,5,0,1
2,AD,GT,D,D,1,1,6,1,1
3,AD,GT,D,D,1,1,7,2,1
4,AD,GT,D,D,1,1,8,3,1
5,AD,GT,D,D,1,1,9,4,1
6,AD,GT,D,D,1,1,10,5,1
7,AD,GT,D,D,1,1,11,6,1
8,AD,GT,D,D,1,1,12,7,1
9,AD,GT,D,D,1,1,13,8,1
10,AD,GT,D,D,1,1,14,9,1
11,AD,GT,D,D,1,1,15,10,1
12,AD,GT,D,D,1,1,16,11,1
13,AD,GT,D,D,1,1,17,12,1
14,AD,GT,D,D,1,1,18,13,1
15,AD,GT,D,D,1,1,19,14,1
16,AD,GT,D,D,1,1,20,15,1
17,AD,GT,D,D,1,1,21,16,1
18,AD,GT,D,D,1,1,22,17,1
19,AD,GT,D,D,1,1,23,18,1
20,AD,GT,D,D,1,1,24,19,1
21,AD,GT,D,D,1,1,25,20,1
22,AD,GT,D,D,1,1,26,21,1
23,AD,GT,D,D,1,1,27,22,1
24,AD,GT,D,D,1,1,28,23,1
25,AD,GT,D,D,1,1,29,24,1
26,AD,GT,D,D,1,1,30,25,1
27,AD,GT,D,D,1,1,31,26,1
28,AD,GT,D,D,1,1,32,27,1
29,AD,GT,D,D,1,1,33,28,1
30,AD,GT,D,D,1,1,34,29,1
31,AD,GT,D,D,1,1,35,30,1
32,AD,GT,D,D,1,1,36,31,1
33,AD,GT,D,D,1,1,37,32,1
34,AD,GT,D,D,1,1,38,33,1
35,AD,GT,D,D,1,1,39,34,1
36,AD,GT,D,D,1,1,40,35,1
37,AD,GT,D,D,1,1,41,36,1
38,AD,GT,D,D,1,1,42,37,1
39,AD,GT,D,D,1,1,43,38,1
40,AD,GT,D,D,1,1,44,39,1
41,AD,GT,D,D,1,1,45,40,1
42,AD,GT,D,D,1,1,46,41,1
43,AD,GT,D,D,1,1,47,42,1
44,AD,GT,D,D,1,1,48,43,1
45,AD,GT,D,D,1,1,49,44,1
46,AD,GT,D,D,1,1,50,45,1
47,AD,GT,D,D,1,1,51,46,1
48,AD,GT,D,D,1,1,52,47,1
49,AD,GT,D,D,1,1,53,48,1
50,AD,GT,D,D,1,1,54,49,1
51,AD,GT,D,D,1,1,55,50,1
52,AD,GT,D,D,1,1,56,51,1
53,AD,GT,D,D,1,1,57,52,1
54,AD,GT,D,D,1,1,58,53,1
55,AD,GT,D,D,1,1,59,54,1
56,AD,GT,D,D,1,1,60,55,1
57,AD,GT,D,D,1,1,61,56,1
58,AD,GT,D,D,1,1,62,57,1
59,AD,GT,D,D,1,1,63,58,1
60,AD,GT,D,D,1,1,64,59,1
61,AD,GT,D,D,1,1,65,60,1
62,AD,GT,D,D,1,1,66,61,1
63,AD,GT,D,D,1,1,67,62,1
64,AD,GT,D,D,1,1,68,63,1
65,AD,GT,D,D,1,1,69,64,1
66,AD,GT,D,D,1,1,70,65,1
67,AD,GT,D,D,1,1,71,66,1
68,AD,GT,D,D,1,1,72,67,1
69,AD,GT,D,D,1,1,73,68,1
70,AD,GT,D,D,1,1,74,69,1
71,AD,GT,D,D,1,1,75,70,1
72,AD,GT,D,D,1,1,76,71,1
73,AD,GT,D,D,1,1,77,72,1
74,AD,GT,D,D,1,1,78,73,1
75,AD,GT,D,D,1,1,79,74,1
76,AD,GT,D,D,1,1,80,75,1
77,AD,GT,D,D,1,1,81,76,1
78,AD,GT,D,D,1,1,82,77,1
79,AD,GT,D,D,1,1,83,78,1
80,AD,GT,D,D,1,1,84,79,1
81,AD,GT,D,D,1,1,85,80,1
82,AD,GT,D,D,1,1,86,81,1
83,AD,GT,D,D,1,1,87,82,1
84,AD,GT,D,D,1,1,88,83,1
85,AD,GT,D,D,1,1,89,84,1
86,AD,GT,D,D,1,1,90,85,1
87,AD,GT,D,D,1,1,91,86,1
88,AD,GT,D,D,1,1,92,87,1
89,AD,GT,D,D,1,1,93,88,1
90,AD,GT,D,D,1,1,94,89,1
91,AD,GT,D,D,1,1,95,90,1
92,AD,GT,D,D,1,1,96,91,1
93,AD,GT,D,D,1,1,97,92,1
94,AD,GT,D,D,1,1,98,93,1
95,AD,GT,D,D,1,1,99,94,1
96,AD,GT,D,D,1,1,100,95,1
97,AD,GT,D,D,1,1,101,96,1
98,AD,GT,D,D,1,1,102,97,1
99,AD,GT,D,D,1,1,103,98,1
100,AD,GT,D,D,1,1,104,99,1
1,AD,TF2T,D,C,5,0,5,0,1
2,AD,TF2T,D,C,5,0,10,0,1
3,AD,TF2T,D,D,1,1,11,1,1
4,AD,TF2T,D,D,1,1,12,2,1
5,AD,TF2T,D,D,1,1,13,3,1
6,AD,TF2T,D,D,1,1,14,4,1
7,AD,TF2T,D,D,1,1,15,5,1
8,AD,TF2T,D,D,1,1,16,6,1
9,AD,TF2T,D,D,1,1,17,7,1
10,AD,TF2T,D,D,1,1,18,8,1
11,AD,TF2T,D,D,1,1,19,9,1
12,AD,TF2T,D,D,1,1,20,10,1
13,AD,TF2T,D,D,1,1,21,11,1
14,AD,TF2T,D,D,1,1,22,12,1
15,AD,TF2T,D,D,1,1,23,13,1
16,AD,TF2T,D,D,1,1,24,14,1
17,AD,TF2T,D,D,1,1,25,15,1
18,AD,TF2T,D,D,1,1,26,16,1
19,AD,TF2T,D,D,1,1,27,17,1
20,AD,TF2T,D,D,1,1,28,18,1
21,AD,TF2T,D,D,1,1,29,19,1
22,AD,TF2T,D,D,1,1,30,20,1
23,AD,TF2T,D,D,1,1,31,21,1
24,AD,TF2T,D,D,1,1,32,22,1
25,AD,TF2T,D,D,1,1,33,23,1
26,AD,TF2T,D,D,1,1,34,24,1
27,AD,TF2T,D,D,1,1,35,25,1
28,AD,TF2T,D,D,1,1,36,26,1
29,AD,TF2T,D,D,1,1,37,27,1
30,AD,TF2T,D,D,1,1,38,28,1
31,AD,TF2T,D,D,1,1,39,29,1
32,AD,TF2T,D,D,1,1,40,30,1
33,AD,TF2T,D,D,1,1,41,31,1
34,AD,TF2T,D,D,1,1,42,32,1
35,AD,TF2T,D,D,1,1,43,33,1
36,AD,TF2T,D,D,1,1,44,34,1
37,AD,TF2T,D,D,1,1,45,35,1
38,AD,TF2T,D,D,1,1,46,36,1
39,AD,TF2T,D,D,1,1,47,37,1
40,AD,TF2T,D,D,1,1,48,38,1
41,AD,TF2T,D,D,1,1,49,39,1
42,AD,TF2T,D,D,1,1,50,40,1
43,AD,TF2T,D,D,1,1,51,41,1
44,AD,TF2T,D,D,1,1,52,42,1
45,AD,TF2T,D,D,1,1,53,43,1
46,AD,TF2T,D,D,1,1,54,44,1
47,AD,TF2T,D,D,1,1,55,45,1
48,AD,TF2T,D,D,1,1,56,46,1
49,AD,TF2T,D,D,1,1,57,47,1
50,AD,TF2T,D,D,1,1,58,48,1
51,AD,TF2T,D,D,1,1,59,49,1
52,AD,TF2T,D,D,1,1,60,50,1
53,AD,TF2T,D,D,1,1,61,51,1
54,AD,TF2T,D,D,1,1,62,52,1
55,AD,TF2T,D,D,1,1,63,53,1
56,AD,TF2T,D,D,1,1,64,54,1
57,AD,TF2T,D,D,1,1,65,55,1
58,AD,TF2T,D,D,1,1,66,56,1
59,AD,TF2T,D,D,1,1,67,57,1
60,AD,TF2T,D,D,1,1,68,58,1
61,AD,TF2T,D,D,1,1,69,59,1
62,AD,TF2T,D,D,1,1,70,60,1
63,AD,TF2T,D,D,1,1,71,61,1
64,AD,TF2T,D,D,1,1,72,62,1
65,AD,TF2T,D,D,1,1,73,63,1
66,AD,TF2T,D,D,1,1,74,64,1
67,AD,TF2T,D,D,1,1,75,65,1
68,AD,TF2T,D,D,1,1,76,66,1
69,AD,TF2T,D,D,1,1,77,67,1
70,AD,TF2T,D,D,1,1,78,68,1
71,AD,TF2T,D,D,1,1,79,69,1
72,AD,TF2T,D,D,1,1,80,70,1
73,AD,TF2T,D,D,1,1,81,71,1
74,AD,TF2T,D,D,1,1,82,72,1
75,AD,TF2T,D,D,1,1,83,73,1
76,AD,TF2T,D,D,1,1,84,74,1
77,AD,TF2T,D,D,1,1,85,75,1
78,AD,TF2T,D,D,1,1,86,76,1
79,AD,TF2T,D,D,1,1,87,77,1
80,AD,TF2T,D,D,1,1,88,78,1
81,AD,TF2T,D,D,1,1,89,79,1
82,AD,TF2T,D,D,1,1,90,80,1
83,AD,TF2T,D,D,1,1,91,81,1
84,AD,TF2T,D,D,1,1,92,82,1
85,AD,TF2T,D,D,1,1,93,83,1
86,AD,TF2T,D,D,1,1,94,84,1
87,AD,TF2T,D,D,1,1,95,85,1
88,AD,TF2T,D,D,1,1,96,86,1
89,AD,TF2T,D,D,1,1,97,87,1
90,AD,TF2T,D,D,1,1,98,88,1
91,AD,TF2T,D,D,1,1,99,89,1
92,AD,TF2T,D,D,1,1,100,90,1
93,AD,TF2T,D,D,1,1,101,91,1
94,AD,TF2T,D,D,1,1,102,92,1
95,AD,TF2T,D,D,1,1,103,93,1
96,AD,TF2T,D,D,1,1,104,94,1
97,AD,TF2T,D,D,1,1,105,95,1
98,AD,TF2T,D,D,1,1,106,96,1
99,AD,TF2T,D,D,1,1,107,97,1
100,AD,TF2T,D,D,1,1,108,98,1
1,AD,RAND,D,C,5,0,5,0,1
2,AD,RAND,D,D,1,1,6,1,1
3,AD,RAND,D,D,1,1,7,2,1
4,AD,RAND,D,D,1,1,8,3,1
5,AD,RAND,D,C,5,0,13,3,1
6,AD,RAND,D,D,1,1,14,4,1
7,AD,RAND,D,C,5,0,19,4,1
8,AD,RAND,D,C,5,0,24,4,1
9,AD,RAND,D,C,5,0,29,4,1
10,AD,RAND,D,D,1,1,30,5,1
11,AD,RAND,D,D,1,1,31,6,1
12,AD,RAND,D,C,5,0,36,6,1
13,AD,RAND,D,D,1,1,37,7,1
14,AD,RAND,D,C,5,0,42,7,1
15,AD,RAND,D,D,1,1,43,8,1
16,AD,RAND,D,D,1,1,44,9,1
17,AD,RAND,D,C,5,0,49,9,1
18,AD,RAND,D,D,1,1,50,10,1
19,AD,RAND,D,D,1,1,51,11,1
20,AD,RAND,D,C,5,0,56,11,1
21,AD,RAND,D,D,1,1,57,12,1
22,AD,RAND,D,D,1,1,58,13,1
23,AD,RAND,D,D,1,1,59,14,1
24,AD,RAND,D,D,1,1,60,15,1
25,AD,RAND,D,C,5,0,65,15,1
26,AD,RAND,D,C,5,0,70,15,1
27,AD,RAND,D,C,5,0,75,15,1
28,AD,RAND,D,D,1,1,76,16,1
29,AD,RAND,D,D,1,1,77,17,1
30,AD,RAND,D,D,1,1,78,18,1
31,AD,RAND,D,C,5,0,83,18,1
32,AD,RAND,D,C,5,0,88,18,1
33,AD,RAND,D,D,1,1,89,19,1
34,AD,RAND,D,D,1,1,90,20,1
35,AD,RAND,D,C,5,0,95,20,1
36,AD,RAND,D,C,5,0,100,20,1
37,AD,RAND,D,C,5,0,105,20,1
38,AD,RAND,D,D,1,1,106,21,1
39,AD,RAND,D,D,1,1,107,22,1
40,AD,RAND,D,C,5,0,112,22,1
41,AD,RAND,D,C,5,0,117,22,1
42,AD,RAND,D,D,1,1,118,23,1
43,AD,RAND,D,C,5,0,123,23,1
44,AD,RAND,D,D,1,1,124,24,1
45,AD,RAND,D,C,5,0,129,24,1
46,AD,RAND,D,C,5,0,134,24,1
47,AD,RAND,D,D,1,1,135,25,1
48,AD,RAND,D,D,1,1,136,26,1
49,AD,RAND,D,C,5,0,141,26,1
50,AD,RAND,D,C,5,0,146,26,1
51,AD,RAND,D,D,1,1,147,27,1
52,AD,RAND,D,D,1,1,148,28,1
53,AD,RAND,D,C,5,0,153,28,1
54,AD,RAND,D,D,1,1,154,29,1
55,AD,RAND,D,C,5,0,159,29,1
56,AD,RAND,D,C,5,0,164,29,1
57,AD,RAND,D,C,5,0,169,29,1
58,AD,RAND,D,D,1,1,170,30,1
59,AD,RAND,D,C,5,0,175,30,1
60,AD,RAND,D,C,5,0,180,30,1
61,AD,RAND,D,C,5,0,185,30,1
62,AD,RAND,D,D,1,1,186,31,1
63,AD,RAND,D,C,5,0,191,31,1
64,AD,RAND,D,D,1,1,192,32,1
65,AD,RAND,D,D,1,1,193,33,1
66,AD,RAND,D,C,5,0,198,33,1
67,AD,RAND,D,C,5,0,203,33,1
68,AD,RAND,D,D,1,1,204,34,1
69,AD,RAND,D,C,5,0,209,34,1
70,AD,RAND,D,C,5,0,214,34,1
71,AD,RAND,D,D,1,1,215,35,1
72,AD,RAND,D,D,1,1,216,36,1
73,AD,RAND,D,C,5,0,221,36,1
74,AD,RAND,D,D,1,1,222,37,1
75,AD,RAND,D,D,1,1,223,38,1
76,AD,RAND,D,C,5,0,228,38,1
77,AD,RAND,D,C,5,0,233,38,1
78,AD,RAND,D,C,5,0,238,38,1
79,AD,RAND,D,C,5,0,243,38,1
80,AD,RAND,D,C,5,0,248,38,1
81,AD,RAND,D,D,1,1,249,39,1
82,AD,RAND,D,D,1,1,250,40,1
83,AD,RAND,D,D,1,1,251,41,1
84,AD,RAND,D,C,5,0,256,41,1
85,AD,RAND,D,C,5,0,261,41,1
86,AD,RAND,D,C,5,0,266,41,1
87,AD,RAND,D,D,1,1,267,42,1
88,AD,RAND,D,C,5,0,272,42,1
89,AD,RAND,D,C,5,0,277,42,1
90,AD,RAND,D,C,5,0,282,42,1
91,AD,RAND,D,C,5,0,287,42,1
92,AD,RAND,D,C,5,0,292,42,1
93,AD,RAND,D,C,5,0,297,42,1
94,AD,RAND,D,D,1,1,298,43,1
95,AD,RAND,D,C,5,0,303,43,1
96,AD,RAND,D,D,1,1,304,44,1
97,AD,RAND,D,D,1,1,305,45,1
98,AD,RAND,D,C,5,0,310,45,1
99,AD,RAND,D,D,1,1,311,46,1
100,AD,RAND,D,D,1,1,312,47,1
1,TFT,GT,C,C,3,3,3,3,1
2,TFT,GT,C,C,3,3,6,6,1
3,TFT,GT,C,C,3,3,9,9,1
4,TFT,GT,C,C,3,3,12,12,1
5,TFT,GT,C,C,3,3,15,15,1
6,TFT,GT,C,C,3,3,18,18,1
7,TFT,GT,C,C,3,3,21,21,1
8,TFT,GT,C,C,3,3,24,24,1
9,TFT,GT,C,C,3,3,27,27,1
10,TFT,GT,C,C,3,3,30,30,1
11,TFT,GT,C,C,3,3,33,33,1
12,TFT,GT,C,C,3,3,36,36,1
13,TFT,GT,C,C,3,3,39,39,1
14,TFT,GT,C,C,3,3,42,42,1
15,TFT,GT,C,C,3,3,45,45,1
16,TFT,GT,C,C,3,3,48,48,1
17,TFT,GT,C,C,3,3,51,51,1
18,TFT,GT,C,C,3,3,54,54,1
19,TFT,GT,C,C,3,3,57,57,1
20,TFT,GT,C,C,3,3,60,60,1
21,TFT,GT,C,C,3,3,63,63,1
22,TFT,GT,C,C,3,3,66,66,1
23,TFT,GT,C,C,3,3,69,69,1
24,TFT,GT,C,C,3,3,72,72,1
25,TFT,GT,C,C,3,3,75,75,1
26,TFT,GT,C,C,3,3,78,78,1
27,TFT,GT,C,C,3,3,81,81,1
28,TFT,GT,C,C,3,3,84,84,1
29,TFT,GT,C,C,3,3,87,87,1
30,TFT,GT,C,C,3,3,90,90,1
31,TFT,GT,C,C,3,3,93,93,1
32,TFT,GT,C,C,3,3,96,96,1
33,TFT,GT,C,C,3,3,99,99,1
34,TFT,GT,C,C,3,3,102,102,1
35,TFT,GT,C,C,3,3,105,105,1
36,TFT,GT,C,C,3,3,108,108,1
37,TFT,GT,C,C,3,3,111,111,1
38,TFT,GT,C,C,3,3,114,114,1
39,TFT,GT,C,C,3,3,117,117,1
40,TFT,GT,C,C,3,3,120,120,1
41,TFT,GT,C,C,3,3,123,123,1
42,TFT,GT,C,C,3,3,126,126,1
43,TFT,GT,C,C,3,3,129,129,1
44,TFT,GT,C,C,3,3,132,132,1
45,TFT,GT,C,C,3,3,135,135,1
46,TFT,GT,C,C,3,3,138,138,1
47,TFT,GT,C,C,3,3,141,141,1
48,TFT,GT,C,C,3,3,144,144,1
49,TFT,GT,C,C,3,3,147,147,1
50,TFT,GT,C,C,3,3,150,150,1
51,TFT,GT,C,C,3,3,153,153,1
52,TFT,GT,C,C,3,3,156,156,1
53,TFT,GT,C,C,3,3,159,159,1
54,TFT,GT,C,C,3,3,162,162,1
55,TFT,GT,C,C,3,3,165,165,1
56,TFT,GT,C,C,3,3,168,168,1
57,TFT,GT,C,C,3,3,171,171,1
58,TFT,GT,C,C,3,3,174,174,1
59,TFT,GT,C,C,3,3,177,177,1
60,TFT,GT,C,C,3,3,180,180,1
61,TFT,GT,C,C,3,3,183,183,1
62,TFT,GT,C,C,3,3,186,186,1
63,TFT,GT,C,C,3,3,189,189,1
64,TFT,GT,C,C,3,3,192,192,1
65,TFT,GT,C,C,3,3,195,195,1
66,TFT,GT,C,C,3,3,198,198,1
67,TFT,GT,C,C,3,3,201,201,1
68,TFT,GT,C,C,3,3,204,204,1
69,TFT,GT,C,C,3,3,207,207,1
70,TFT,GT,C,C,3,3,210,210,1
71,TFT,GT,C,C,3,3,213,213,1
72,TFT,GT,C,C,3,3,216,216,1
73,TFT,GT,C,C,3,3,219,219,1
74,TFT,GT,C,C,3,3,222,222,1
75,TFT,GT,C,C,3,3,225,225,1
76,TFT,GT,C,C,3,3,228,228,1
77,TFT,GT,C,C,3,3,231,231,1
78,TFT,GT,C,C,3,3,234,234,1
79,TFT,GT,C,C,3,3,237,237,1
80,TFT,GT,C,C,3,3,240,240,1
81,TFT,GT,C,C,3,3,243,243,1
82,TFT,GT,C,C,3,3,246,246,1
83,TFT,GT,C,C,3,3,249,249,1
84,TFT,GT,C,C,3,3,252,252,1
85,TFT,GT,C,C,3,3,255,255,1
86,TFT,GT,C,C,3,3,258,258,1
87,TFT,GT,C,C,3,3,261,261,1
88,TFT,GT,C,C,3,3,264,264,1
89,TFT,GT,C,C,3,3,267,267,1
90,TFT,GT,C,C,3,3,270,270,1
91,TFT,GT,C,C,3,3,273,273,1
92,TFT,GT,C,C,3,3,276,276,1
93,TFT,GT,C,C,3,3,279,279,1
94,TFT,GT,C,C,3,3,282,282,1
95,TFT,GT,C,C,3,3,285,285,1
96,TFT,GT,C,C,3,3,288,288,1
97,TFT,GT,C,C,3,3,291,291,1
98,TFT,GT,C,C,3,3,294,294,1
99,TFT,GT,C,C,3,3,297,297,1
100,TFT,GT,C,C,3,3,300,300,1
1,TFT,TF2T,C,C,3,3,3,3,1
2,TFT,TF2T,C,C,3,3,6,6,1
3,TFT,TF2T,C,C,3,3,9,9,1
4,TFT,TF2T,C,C,3,3,12,12,1
5,TFT,TF2T,C,C,3,3,15,15,1
6,TFT,TF2T,C,C,3,3,18,18,1
7,TFT,TF2T,C,C,3,3,21,21,1
8,TFT,TF2T,C,C,3,3,24,24,1
9,TFT,TF2T,C,C,3,3,27,27,1
10,TFT,TF2T,C,C,3,3,30,30,1
11,TFT,TF2T,C,C,3,3,33,33,1
12,TFT,TF2T,C,C,3,3,36,36,1
13,TFT,TF2T,C,C,3,3,39,39,1
14,TFT,TF2T,C,C,3,3,42,42,1
15,TFT,TF2T,C,C,3,3,45,45,1
16,TFT,TF2T,C,C,3,3,48,48,1
17,TFT,TF2T,C,C,3,3,51,51,1
18,TFT,TF2T,C,C,3,3,54,54,1
19,TFT,TF2T,C,C,3,3,57,57,1
20,TFT,TF2T,C,C,3,3,60,60,1
21,TFT,TF2T,C,C,3,3,63,63,1
22,TFT,TF2T,C,C,3,3,66,66,1
23,TFT,TF2T,C,C,3,3,69,69,1
24,TFT,TF2T,C,C,3,3,72,72,1
25,TFT,TF2T,C,C,3,3,75,75,1
26,TFT,TF2T,C,C,3,3,78,78,1
27,TFT,TF2T,C,C,3,3,81,81,1
28,TFT,TF2T,C,C,3,3,84,84,1
29,TFT,TF2T,C,C,3,3,87,87,1
30,TFT,TF2T,C,C,3,3,90,90,1
31,TFT,TF2T,C,C,3,3,93,93,1
32,TFT,TF2T,C,C,3,3,96,96,1
33,TFT,TF2T,C,C,3,3,99,99,1
34,TFT,TF2T,C,C,3,3,102,102,1
35,TFT,TF2T,C,C,3,3,105,105,1
36,TFT,TF2T,C,C,3,3,108,108,1
37,TFT,TF2T,C,C,3,3,111,111,1
38,TFT,TF2T,C,C,3,3,114,114,1
39,TFT,TF2T,C,C,3,3,117,117,1
40,TFT,TF2T,C,C,3,3,120,120,1
41,TFT,TF2T,C,C,3,3,123,123,1
42,TFT,TF2T,C,C,3,3,126,126,1
43,TFT,TF2T,C,C,3,3,129,129,1
44,TFT,TF2T,C,C,3,3,132,132,1
45,TFT,TF2T,C,C,3,3,135,135,1
46,TFT,TF2T,C,C,3,3,138,138,1
47,TFT,TF2T,C,C,3,3,141,141,1
48,TFT,TF2T,C,C,3,3,144,144,1
49,TFT,TF2T,C,C,3,3,147,147,1
50,TFT,TF2T,C,C,3,3,150,150,1
51,TFT,TF2T,C,C,3,3,153,153,1
52,TFT,TF2T,C,C,3,3,156,156,1
53,TFT,TF2T,C,C,3,3,159,159,1
54,TFT,TF2T,C,C,3,3,162,162,1
55,TFT,TF2T,C,C,3,3,165,165,1
56,TFT,TF2T,C,C,3,3,168,168,1
57,TFT,TF2T,C,C,3,3,171,171,1
58,TFT,TF2T,C,C,3,3,174,174,1
59,TFT,TF2T,C,C,3,3,177,177,1
60,TFT,TF2T,C,C,3,3,180,180,1
61,TFT,TF2T,C,C,3,3,183,183,1
62,TFT,TF2T,C,C,3,3,186,186,1
63,TFT,TF2T,C,C,3,3,189,189,1
64,TFT,TF2T,C,C,3,3,192,192,1
65,TFT,TF2T,C,C,3,3,195,195,1
66,TFT,TF2T,C,C,3,3,198,198,1
67,TFT,TF2T,C,C,3,3,201,201,1
68,TFT,TF2T,C,C,3,3,204,204,1
69,TFT,TF2T,C,C,3,3,207,207,1
70,TFT,TF2T,C,C,3,3,210,210,1
71,TFT,TF2T,C,C,3,3,213,213,1
72,TFT,TF2T,C,C,3,3,216,216,1
73,TFT,TF2T,C,C,3,3,219,219,1
74,TFT,TF2T,C,C,3,3,222,222,1
75,TFT,TF2T,C,C,3,3,225,225,1
76,TFT,TF2T,C,C,3,3,228,228,1
77,TFT,TF2T,C,C,3,3,231,231,1
78,TFT,TF2T,C,C,3,3,234,234,1
79,TFT,TF2T,C,C,3,3,237,237,1
80,TFT,TF2T,C,C,3,3,240,240,1
81,TFT,TF2T,C,C,3,3,243,243,1
82,TFT,TF2T,C,C,3,3,246,246,1
83,TFT,TF2T,C,C,3,3,249,249,1
84,TFT,TF2T,C,C,3,3,252,252,1
85,TFT,TF2T,C,C,3,3,255,255,1
86,TFT,TF2T,C,C,3,3,258,258,1
87,TFT,TF2T,C,C,3,3,261,261,1
88,TFT,TF2T,C,C,3,3,264,264,1
89,TFT,TF2T,C,C,3,3,267,267,1
90,TFT,TF2T,C,C,3,3,270,270,1
91,TFT,TF2T,C,C,3,3,273,273,1
92,TFT,TF2T,C,C,3,3,276,276,1
93,TFT,TF2T,C,C,3,3,279,279,1
94,TFT,TF2T,C,C,3,3,282,282,1
95,TFT,TF2T,C,C,3,3,285,285,1
96,TFT,TF2T,C,C,3,3,288,288,1
97,TFT,TF2T,C,C,3,3,291,291,1
98,TFT,TF2T,C,C,3,3,294,294,1
99,TFT,TF2T,C,C,3,3,297,297,1
100,TFT,TF2T,C,C,3,3,300,300,1
1,TFT,RAND,C,D,0,5,0,5,1
2,TFT,RAND,D,D,1,1,1,6,1
3,TFT,RAND,D,D,1,1,2,7,1
4,TFT,RAND,D,C,5,0,7,7,1
5,TFT,RAND,C,C,3,3,10,10,1
6,TFT,RAND,C,C,3,3,13,13,1
7,TFT,RAND,C,C,3,3,16,16,1
8,TFT,RAND,C,C,3,3,19,19,1
9,TFT,RAND,C,C,3,3,22,22,1
10,TFT,RAND,C,D,0,5,22,27,1
11,TFT,RAND,D,C,5,0,27,27,1
12,TFT,RAND,C,D,0,5,27,32,1
13,TFT,RAND,D,C,5,0,32,32,1
14,TFT,RAND,C,C,3,3,35,35,1
15,TFT,RAND,C,D,0,5,35,40,1
16,TFT,RAND,D,D,1,1,36,41,1
17,TFT,RAND,D,D,1,1,37,42,1
18,TFT,RAND,D,D,1,1,38,43,1
19,TFT,RAND,D,C,5,0,43,43,1
20,TFT,RAND,C,C,3,3,46,46,1
21,TFT,RAND,C,D,0,5,46,51,1
22,TFT,RAND,D,D,1,1,47,52,1
23,TFT,RAND,D,D,1,1,48,53,1
24,TFT,RAND,D,D,1,1,49,54,1
25,TFT,RAND,D,C,5,0,54,54,1
26,TFT,RAND,C,D,0,5,54,59,1
27,TFT,RAND,D,D,1,1,55,60,1
28,TFT,RAND,D,D,1,1,56,61,1
29,TFT,RAND,D,C,5,0,61,61,1
30,TFT,RAND,C,D,0,5,61,66,1
31,TFT,RAND,D,C,5,0,66,66,1
32,TFT,RAND,C,C,3,3,69,69,1
33,TFT,RAND,C,D,0,5,69,74,1
34,TFT,RAND,D,D,1,1,70,75,1
35,TFT,RAND,D,C,5,0,75,75,1
36,TFT,RAND,C,C,3,3,78,78,1
37,TFT,RAND,C,D,0,5,78,83,1
38,TFT,RAND,D,C,5,0,83,83,1
39,TFT,RAND,C,D,0,5,83,88,1
40,TFT,RAND,D,D,1,1,84,89,1
41,TFT,RAND,D,C,5,0,89,89,1
42,TFT,RAND,C,D,0,5,89,94,1
43,TFT,RAND,D,D,1,1,90,95,1
44,TFT,RAND,D,D,1,1,91,96,1
45,TFT,RAND,D,C,5,0,96,96,1
46,TFT,RAND,C,D,0,5,96,101,1
47,TFT,RAND,D,C,5,0,101,101,1
48,TFT,RAND,C,C,3,3,104,104,1
49,TFT,RAND,C,D,0,5,104,109,1
50,TFT,RAND,D,C,5,0,109,109,1
51,TFT,RAND,C,C,3,3,112,112,1
52,TFT,RAND,C,D,0,5,112,117,1
53,TFT,RAND,D,C,5,0,117,117,1
54,TFT,RAND,C,C,3,3,120,120,1
55,TFT,RAND,C,D,0,5,120,125,1
56,TFT,RAND,D,D,1,1,121,126,1
57,TFT,RAND,D,C,5,0,126,126,1
58,TFT,RAND,C,C,3,3,129,129,1
59,TFT,RAND,C,C,3,3,132,132,1
60,TFT,RAND,C,D,0,5,132,137,1
61,TFT,RAND,D,D,1,1,133,138,1
62,TFT,RAND,D,D,1,1,134,139,1
63,TFT,RAND,D,C,5,0,139,139,1
64,TFT,RAND,C,C,3,3,142,142,1
65,TFT,RAND,C,D,0,5,142,147,1
66,TFT,RAND,D,D,1,1,143,148,1
67,TFT,RAND,D,D,1,1,144,149,1
68,TFT,RAND,D,D,1,1,145,150,1
69,TFT,RAND,D,D,1,1,146,151,1
70,TFT,RAND,D,C,5,0,151,151,1
71,TFT,RAND,C,D,0,5,151,156,1
72,TFT,RAND,D,C,5,0,156,156,1
73,TFT,RAND,C,D,0,5,156,161,1
74,TFT,RAND,D,D,1,1,157,162,1
75,TFT,RAND,D,C,5,0,162,162,1
76,TFT,RAND,C,C,3,3,165,165,1
77,TFT,RAND,C,C,3,3,168,168,1
78,TFT,RAND,C,D,0,5,168,173,1
79,TFT,RAND,D,C,5,0,173,173,1
80,TFT,RAND,C,D,0,5,173,178,1
81,TFT,RAND,D,D,1,1,174,179,1
82,TFT,RAND,D,C,5,0,179,179,1
83,TFT,RAND,C,D,0,5,179,184,1
84,TFT,RAND,D,C,5,0,184,184,1
85,TFT,RAND,C,C,3,3,187,187,1
86,TFT,RAND,C,D,0,5,187,192,1
87,TFT,RAND,D,D,1,1,188,193,1
88,TFT,RAND,D,C,5,0,193,193,1
89,TFT,RAND,C,C,3,3,196,196,1
90,TFT,RAND,C,C,3,3,199,199,1
91,TFT,RAND,C,C,3,3,202,202,1
92,TFT,RAND,C,D,0,5,202,207,1
93,TFT,RAND,D,D,1,1,203,208,1
94,TFT,RAND,D,C,5,0,208,208,1
95,TFT,RAND,C,D,0,5,208,213,1
96,TFT,RAND,D,D,1,1,209,214,1
97,TFT,RAND,D,C,5,0,214,214,1
98,TFT,RAND,C,C,3,3,217,217,1
99,TFT,RAND,C,C,3,3,220,220,1
100,TFT,RAND,C,D,0,5,220,225,1
1,GT,TF2T,C,C,3,3,3,3,1
2,GT,TF2T,C,C,3,3,6,6,1
3,GT,TF2T,C,C,3,3,9,9,1
4,GT,TF2T,C,C,3,3,12,12,1
5,GT,TF2T,C,C,3,3,15,15,1
6,GT,TF2T,C,C,3,3,18,18,1
7,GT,TF2T,C,C,3,3,21,21,1
8,GT,TF2T,C,C,3,3,24,24,1
9,GT,TF2T,C,C,3,3,27,27,1
10,GT,TF2T,C,C,3,3,30,30,1
11,GT,TF2T,C,C,3,3,33,33,1
12,GT,TF2T,C,C,3,3,36,36,1
13,GT,TF2T,C,C,3,3,39,39,1
14,GT,TF2T,C,C,3,3,42,42,1
15,GT,TF2T,C,C,3,3,45,45,1
16,GT,TF2T,C,C,3,3,48,48,1
17,GT,TF2T,C,C,3,3,51,51,1
18,GT,TF2T,C,C,3,3,54,54,1
19,GT,TF2T,C,C,3,3,57,57,1
20,GT,TF2T,C,C,3,3,60,60,1
21,GT,TF2T,C,C,3,3,63,63,1
22,GT,TF2T,C,C,3,3,66,66,1
23,GT,TF2T,C,C,3,3,69,69,1
24,GT,TF2T,C,C,3,3,72,72,1
25,GT,TF2T,C,C,3,3,75,75,1
26,GT,TF2T,C,C,3,3,78,78,1
27,GT,TF2T,C,C,3,3,81,81,1
28,GT,TF2T,C,C,3,3,84,84,1
29,GT,TF2T,C,C,3,3,87,87,1
30,GT,TF2T,C,C,3,3,90,90,1
31,GT,TF2T,C,C,3,3,93,93,1
32,GT,TF2T,C,C,3,3,96,96,1
33,GT,TF2T,C,C,3,3,99,99,1
34,GT,TF2T,C,C,3,3,102,102,1
35,GT,TF2T,C,C,3,3,105,105,1
36,GT,TF2T,C,C,3,3,108,108,1
37,GT,TF2T,C,C,3,3,111,111,1
38,GT,TF2T,C,C,3,3,114,114,1
39,GT,TF2T,C,C,3,3,117,117,1
40,GT,TF2T,C,C,3,3,120,120,1
41,GT,TF2T,C,C,3,3,123,123,1
42,GT,TF2T,C,C,3,3,126,126,1
43,GT,TF2T,C,C,3,3,129,129,1
44,GT,TF2T,C,C,3,3,132,132,1
45,GT,TF2T,C,C,3,3,135,135,1
46,GT,TF2T,C,C,3,3,138,138,1
47,GT,TF2T,C,C,3,3,141,141,1
48,GT,TF2T,C,C,3,3,144,144,1
49,GT,TF2T,C,C,3,3,147,147,1
50,GT,TF2T,C,C,3,3,150,150,1
51,GT,TF2T,C,C,3,3,153,153,1
52,GT,TF2T,C,C,3,3,156,156,1
53,GT,TF2T,C,C,3,3,159,159,1
54,GT,TF2T,C,C,3,3,162,162,1
55,GT,TF2T,C,C,3,3,165,165,1
56,GT,TF2T,C,C,3,3,168,168,1
57,GT,TF2T,C,C,3,3,171,171,1
58,GT,TF2T,C,C,3,3,174,174,1
59,GT,TF2T,C,C,3,3,177,177,1
60,GT,TF2T,C,C,3,3,180,180,1
61,GT,TF2T,C,C,3,3,183,183,1
62,GT,TF2T,C,C,3,3,186,186,1
63,GT,TF2T,C,C,3,3,189,189,1
64,GT,TF2T,C,C,3,3,192,192,1
65,GT,TF2T,C,C,3,3,195,195,1
66,GT,TF2T,C,C,3,3,198,198,1
67,GT,TF2T,C,C,3,3,201,201,1
68,GT,TF2T,C,C,3,3,204,204,1
69,GT,TF2T,C,C,3,3,207,207,1
70,GT,TF2T,C,C,3,3,210,210,1
71,GT,TF2T,C,C,3,3,213,213,1
72,GT,TF2T,C,C,3,3,216,216,1
73,GT,TF2T,C,C,3,3,219,219,1
74,GT,TF2T,C,C,3,3,222,222,1
75,GT,TF2T,C,C,3,3,225,225,1
76,GT,TF2T,C,C,3,3,228,228,1
77,GT,TF2T,C,C,3,3,231,231,1
78,GT,TF2T,C,C,3,3,234,234,1
79,GT,TF2T,C,C,3,3,237,237,1
80,GT,TF2T,C,C,3,3,240,240,1
81,GT,TF2T,C,C,3,3,243,243,1
82,GT,TF2T,C,C,3,3,246,246,1
83,GT,TF2T,C,C,3,3,249,249,1
84,GT,TF2T,C,C,3,3,252,252,1
85,GT,TF2T,C,C,3,3,255,255,1
86,GT,TF2T,C,C,3,3,258,258,1
87,GT,TF2T,C,C,3,3,261,261,1
88,GT,TF2T,C,C,3,3,264,264,1
89,GT,TF2T,C,C,3,3,267,267,1
90,GT,TF2T,C,C,3,3,270,270,1
91,GT,TF2T,C,C,3,3,273,273,1
92,GT,TF2T,C,C,3,3,276,276,1
93,GT,TF2T,C,C,3,3,279,279,1
94,GT,TF2T,C,C,3,3,282,282,1
95,GT,TF2T,C,C,3,3,285,285,1
96,GT,TF2T,C,C,3,3,288,288,1
97,GT,TF2T,C,C,3,3,291,291,1
98,GT,TF2T,C,C,3,3,294,294,1
99,GT,TF2T,C,C,3,3,297,297,1
100,GT,TF2T,C,C,3,3,300,300,1
1,GT,RAND,C,D,0,5,0,5,1
2,GT,RAND,D,D,1,1,1,6,1
3,GT,RAND,D,D,1,1,2,7,1
4,GT,RAND,D,D,1,1,3,8,1
5,GT,RAND,D,C,5,0,8,8,1
6,GT,RAND,D,C,5,0,13,8,1
7,GT,RAND,D,C,5,0,18,8,1
8,GT,RAND,D,D,1,1,19,9,1
9,GT,RAND,D,D,1,1,20,10,1
10,GT,RAND,D,D,1,1,21,11,1
11,GT,RAND,D,D,1,1,22,12,1
12,GT,RAND,D,C,5,0,27,12,1
13,GT,RAND,D,C,5,0,32,12,1
14,GT,RAND,D,C,5,0,37,12,1
15,GT,RAND,D,D,1,1,38,13,1
16,GT,RAND,D,D,1,1,39,14,1
17,GT,RAND,D,C,5,0,44,14,1
18,GT,RAND,D,D,1,1,45,15,1
19,GT,RAND,D,C,5,0,50,15,1
20,GT,RAND,D,D,1,1,51,16,1
21,GT,RAND,D,D,1,1,52,17,1
22,GT,RAND,D,D,1,1,53,18,1
23,GT,RAND,D,D,1,1,54,19,1
24,GT,RAND,D,D,1,1,55,20,1
25,GT,RAND,D,C,5,0,60,20,1
26,GT,RAND,D,D,1,1,61,21,1
27,GT,RAND,D,C,5,0,66,21,1
28,GT,RAND,D,D,1,1,67,22,1
29,GT,RAND,D,D,1,1,68,23,1
30,GT,RAND,D,D,1,1,69,24,1
31,GT,RAND,D,D,1,1,70,25,1
32,GT,RAND,D,C,5,0,75,25,1
33,GT,RAND,D,D,1,1,76,26,1
34,GT,RAND,D,C,5,0,81,26,1
35,GT,RAND,D,D,1,1,82,27,1
36,GT,RAND,D,D,1,1,83,28,1
37,GT,RAND,D,C,5,0,88,28,1
38,GT,RAND,D,D,1,1,89,29,1
39,GT,RAND,D,C,5,0,94,29,1
40,GT,RAND,D,C,5,0,99,29,1
41,GT,RAND,D,D,1,1,100,30,1
42,GT,RAND,D,C,5,0,105,30,1
43,GT,RAND,D,C,5,0,110,30,1
44,GT,RAND,D,C,5,0,115,30,1
45,GT,RAND,D,C,5,0,120,30,1
46,GT,RAND,D,D,1,1,121,31,1
47,GT,RAND,D,D,1,1,122,32,1
48,GT,RAND,D,C,5,0,127,32,1
49,GT,RAND,D,D,1,1,128,33,1
50,GT,RAND,D,C,5,0,133,33,1
51,GT,RAND,D,D,1,1,134,34,1
52,GT,RAND,D,D,1,1,135,35,1
53,GT,RAND,D,D,1,1,136,36,1
54,GT,RAND,D,C,5,0,141,36,1
55,GT,RAND,D,D,1,1,142,37,1
56,GT,RAND,D,C,5,0,147,37,1
57,GT,RAND,D,D,1,1,148,38,1
58,GT,RAND,D,C,5,0,153,38,1
59,GT,RAND,D,C,5,0,158,38,1
60,GT,RAND,D,C,5,0,163,38,1
61,GT,RAND,D,D,1,1,164,39,1
62,GT,RAND,D,C,5,0,169,39,1
63,GT,RAND,D,D,1,1,170,40,1
64,GT,RAND,D,D,1,1,171,41,1
65,GT,RAND,D,C,5,0,176,41,1
66,GT,RAND,D,D,1,1,177,42,1
67,GT,RAND,D,C,5,0,182,42,1
68,GT,RAND,D,D,1,1,183,43,1
69,GT,RAND,D,C,5,0,188,43,1
70,GT,RAND,D,D,1,1,189,44,1
71,GT,RAND,D,D,1,1,190,45,1
72,GT,RAND,D,D,1,1,191,46,1
73,GT,RAND,D,D,1,1,192,47,1
74,GT,RAND,D,D,1,1,193,48,1
75,GT,RAND,D,C,5,0,198,48,1
76,GT,RAND,D,C,5,0,203,48,1
77,GT,RAND,D,D,1,1,204,49,1
78,GT,RAND,D,C,5,0,209,49,1
79,GT,RAND,D,C,5,0,214,49,1
80,GT,RAND,D,D,1,1,215,50,1
81,GT,RAND,D,D,1,1,216,51,1
82,GT,RAND,D,C,5,0,221,51,1
83,GT,RAND,D,C,5,0,226,51,1
84,GT,RAND,D,C,5,0,231,51,1
85,GT,RAND,D,C,5,0,236,51,1
86,GT,RAND,D,C,5,0,241,51,1
87,GT,RAND,D,C,5,0,246,51,1
88,GT,RAND,D,C,5,0,251,51,1
89,GT,RAND,D,D,1,1,252,52,1
90,GT,RAND,D,D,1,1,253,53,1
91,GT,RAND,D,D,1,1,254,54,1
92,GT,RAND,D,D,1,1,255,55,1
93,GT,RAND,D,C,5,0,260,55,1
94,GT,RAND,D,D,1,1,261,56,1
95,GT,RAND,D,C,5,0,266,56,1
96,GT,RAND,D,C,5,0,271,56,1
97,GT,RAND,D,C,5,0,276,56,1
98,GT,RAND,D,D,1,1,277,57,1
99,GT,RAND,D,D,1,1,278,58,1
100,GT,RAND,D,C,5,0,283,58,1
1,TF2T,RAND,C,C,3,3,3,3,1
2,TF2T,RAND,C,C,3,3,6,6,1
3,TF2T,RAND,C,C,3,3,9,9,1
4,TF2T,RAND,C,D,0,5,9,14,1
5,TF2T,RAND,C,D,0,5,9,19,1
6,TF2T,RAND,D,C,5,0,14,19,1
7,TF2T,RAND,C,C,3,3,17,22,1
8,TF2T,RAND,C,D,0,5,17,27,1
9,TF2T,RAND,C,D,0,5,17,32,1
10,TF2T,RAND,D,C,5,0,22,32,1
11,TF2T,RAND,C,D,0,5,22,37,1
12,TF2T,RAND,C,D,0,5,22,42,1
13,TF2T,RAND,D,D,1,1,23,43,1
14,TF2T,RAND,D,C,5,0,28,43,1
15,TF2T,RAND,C,C,3,3,31,46,1
16,TF2T,RAND,C,C,3,3,34,49,1
17,TF2T,RAND,C,C,3,3,37,52,1
18,TF2T,RAND,C,C,3,3,40,55,1
19,TF2T,RAND,C,D,0,5,40,60,1
20,TF2T,RAND,C,C,3,3,43,63,1
21,TF2T,RAND,C,C,3,3,46,66,1
22,TF2T,RAND,C,D,0,5,46,71,1
23,TF2T,RAND,C,C,3,3,49,74,1
24,TF2T,RAND,C,D,0,5,49,79,1
25,TF2T,RAND,C,C,3,3,52,82,1
26,TF2T,RAND,C,C,3,3,55,85,1
27,TF2T,RAND,C,D,0,5,55,90,1
28,TF2T,RAND,C,C,3,3,58,93,1
29,TF2T,RAND,C,D,0,5,58,98,1
30,TF2T,RAND,C,D,0,5,58,103,1
31,TF2T,RAND,D,C,5,0,63,103,1
32,TF2T,RAND,C,C,3,3,66,106,1
33,TF2T,RAND,C,C,3,3,69,109,1
34,TF2T,RAND,C,D,0,5,69,114,1
35,TF2T,RAND,C,D,0,5,69,119,1
36,TF2T,RAND,D,C,5,0,74,119,1
37,TF2T,RAND,C,C,3,3,77,122,1
38,TF2T,RAND,C,D,0,5,77,127,1
39,TF2T,RAND,C,C,3,3,80,130,1
40,TF2T,RAND,C,D,0,5,80,135,1
41,TF2T,RAND,C,D,0,5,80,140,1
42,TF2T,RAND,D,D,1,1,81,141,1
43,TF2T,RAND,D,D,1,1,82,142,1
44,TF2T,RAND,D,D,1,1,83,143,1
45,TF2T,RAND,D,D,1,1,84,144,1
46,TF2T,RAND,D,D,1,1,85,145,1
47,TF2T,RAND,D,D,1,1,86,146,1
48,TF2T,RAND,D,D,1,1,87,147,1
49,TF2T,RAND,D,D,1,1,88,148,1
50,TF2T,RAND,D,D,1,1,89,149,1
51,TF2T,RAND,D,D,1,1,90,150,1
52,TF2T,RAND,D,D,1,1,91,151,1
53,TF2T,RAND,D,C,5,0,96,151,1
54,TF2T,RAND,C,C,3,3,99,154,1
55,TF2T,RAND,C,C,3,3,102,157,1
56,TF2T,RAND,C,D,0,5,102,162,1
57,TF2T,RAND,C,D,0,5,102,167,1
58,TF2T,RAND,D,D,1,1,103,168,1
59,TF2T,RAND,D,D,1,1,104,169,1
60,TF2T,RAND,D,C,5,0,109,169,1
61,TF2T,RAND,C,C,3,3,112,172,1
62,TF2T,RAND,C,C,3,3,115,175,1
63,TF2T,RAND,C,C,3,3,118,178,1
64,TF2T,RAND,C,C,3,3,121,181,1
65,TF2T,RAND,C,D,0,5,121,186,1
66,TF2T,RAND,C,C,3,3,124,189,1
67,TF2T,RAND,C,C,3,3,127,192,1
68,TF2T,RAND,C,D,0,5,127,197,1
69,TF2T,RAND,C,D,0,5,127,202,1
70,TF2T,RAND,D,C,5,0,132,202,1
71,TF2T,RAND,C,C,3,3,135,205,1
72,TF2T,RAND,C,D,0,5,135,210,1
73,TF2T,RAND,C,C,3,3,138,213,1
74,TF2T,RAND,C,C,3,3,141,216,1
75,TF2T,RAND,C,C,3,3,144,219,1
76,TF2T,RAND,C,D,0,5,144,224,1
77,TF2T,RAND,C,D,0,5,144,229,1
78,TF2T,RAND,D,D,1,1,145,230,1
79,TF2T,RAND,D,D,1,1,146,231,1
80,TF2T,RAND,D,D,1,1,147,232,1
81,TF2T,RAND,D,C,5,0,152,232,1
82,TF2T,RAND,C,C,3,3,155,235,1
83,TF2T,RAND,C,C,3,3,158,238,1
84,TF2T,RAND,C,D,0,5,158,243,1
85,TF2T,RAND,C,D,0,5,158,248,1
86,TF2T,RAND,D,D,1,1,159,249,1
87,TF2T,RAND,D,C,5,0,164,249,1
88,TF2T,RAND,C,D,0,5,164,254,1
89,TF2T,RAND,C,D,0,5,164,259,1
90,TF2T,RAND,D,D,1,1,165,260,1
91,TF2T,RAND,D,C,5,0,170,260,1
92,TF2T,RAND,C,C,3,3,173,263,1
93,TF2T,RAND,C,C,3,3,176,266,1
94,TF2T,RAND,C,C,3,3,179,269,1
95,TF2T,RAND,C,C,3,3,182,272,1
96,TF2T,RAND,C,D,0,5,182,277,1
97,TF2T,RAND,C,C,3,3,185,280,1
98,TF2T,RAND,C,C,3,3,188,283,1
99,TF2T,RAND,C,C,3,3,191,286,1
100,TF2T,RAND,C,C,3,3,194,289,1
